Country Name,Stringent Index,year,Gini Index,GDP per capita,Population Density,Hospital Beds,Quarter_only,Quarter,Marginal Mortality,Gini Category
Albania,84.26,2020,29.4,5370.778623,103.5711314,2.91,Q1,2020Q1,0.5285693495319871,Low
Argentina,100.0,2020,42.7,8535.59938,16.51336651,3.2,Q1,2020Q1,0.059745133897143,High
Austria,81.48,2020,29.8,48716.40989,108.0570044,7.06,Q1,2020Q1,1.5027704807430056,Low
Belgium,81.48,2020,26.0,45906.28758,378.3893225,5.52,Q1,2020Q1,6.1099245627980645,Low
Benin,70.83,2020,34.4,1197.501364,115.9113959,0.47,Q1,2020Q1,0.0,Medium
Bhutan,83.33,2020,28.5,3191.66907,20.1889355,2.12,Q1,2020Q1,0.0,Low
Bolivia,96.3,2020,43.6,3099.94219,10.90768854,1.36,Q1,2020Q1,0.05077732037755646,High
Brazil,74.54,2020,48.9,7074.193783,24.96498527,2.43,Q1,2020Q1,0.09632856748464573,High
Bulgaria,73.15,2020,40.5,10198.53883,63.87265107,7.77,Q1,2020Q1,0.11537327219511351,High
Burkina Faso,84.26,2020,37.4,825.2370388,78.50398392,0.2,Q1,2020Q1,0.06518088393659018,Medium
Chile,75.93,2020,47.0,13114.81547,26.0521726,2.03,Q1,2020Q1,0.06194947565963802,High
China,73.61,2020,37.1,10408.71955,150.3055428,5.0,Q1,2020Q1,0.23549004322868686,Medium
Colombia,87.96,2020,53.5,5339.687114,45.63316539,1.69,Q1,2020Q1,0.03160181897699895,Very High
Costa Rica,71.3,2020,49.2,12394.0494,98.59616138,1.15,Q1,2020Q1,0.0397273117322697,High
Croatia,96.3,2020,29.5,14808.46202,69.9464975,5.6,Q1,2020Q1,0.15328779323316147,Low
Czechia,82.41,2020,26.2,23472.89155,138.5759288,6.6,Q1,2020Q1,0.2897776358594403,Low
Denmark,72.22,2020,27.5,60985.48856,145.7851,2.59,Q1,2020Q1,1.5433676006670092,Low
Dominican Republic,92.59,2020,39.6,7162.291752,228.3973491,1.42,Q1,2020Q1,0.4632867926927864,Medium
Ecuador,93.52,2020,47.3,5463.645096,70.64770897,1.32,Q1,2020Q1,0.4274462678668978,High
El Salvador,88.89,2020,39.0,3997.192796,300.9012066,1.08,Q1,2020Q1,0.01603933357852128,Medium
Estonia,77.78,2020,30.7,23933.99394,31.09992982,4.46,Q1,2020Q1,0.3008600083338222,Medium
Finland,71.3,2020,27.1,48828.68469,18.19287688,2.83,Q1,2020Q1,0.9223185351845532,Low
France,87.96,2020,30.7,39169.8606,123.4594937,6.0,Q1,2020Q1,5.2158906858186205,Medium
Georgia,100.0,2020,34.5,4300.857013,65.13027048,4.94,Q1,2020Q1,0.0,Medium
Germany,76.85,2020,32.4,47379.76519,238.0173188,7.8,Q1,2020Q1,0.701050858401904,Medium
Hungary,76.85,2020,29.7,16131.95404,106.8392395,6.76,Q1,2020Q1,0.16410005631708807,Low
India,100.0,2020,33.8,1907.042516,471.7551502,1.62,Q1,2020Q1,0.0024953342685442165,Medium
Indonesia,50.93,2020,35.3,3853.702888,146.3712836,1.4,Q1,2020Q1,0.04948786140266516,Medium
Ireland,85.19,2020,29.2,87567.1149,72.36728117,2.91,Q1,2020Q1,1.4241636849493178,Low
Israel,81.48,2020,37.8,44679.77158,425.836414,3.07,Q1,2020Q1,0.22788683790734773,Medium
Italy,85.19,2020,35.2,32091.48666,200.9991005,3.18,Q1,2020Q1,20.908883316065445,Medium
Jamaica,75.0,2020,40.2,4879.440246,261.379409,1.71,Q1,2020Q1,0.03532646422012061,High
Kazakhstan,92.13,2020,28.7,8781.507978,7.216400711,6.72,Q1,2020Q1,0.010265824807437509,Low
Latvia,61.11,2020,35.7,17564.23215,30.53911297,5.3,Q1,2020Q1,0.0,Medium
Lithuania,81.48,2020,36.0,20541.82499,44.63246567,5.96,Q1,2020Q1,0.14311858985253417,Medium
Luxembourg,79.63,2020,33.4,116905.3704,244.8742649,4.19,Q1,2020Q1,3.648367197054657,Medium
Malaysia,78.7,2020,40.7,9957.526267,103.1488601,1.97,Q1,2020Q1,0.1416365477531457,High
Malta,81.48,2020,31.4,31796.82134,1610.4125,4.38,Q1,2020Q1,0.0,Medium
Mexico,82.41,2020,44.6,8841.27075,65.22752849,1.0,Q1,2020Q1,0.02287083308996927,High
Moldova,87.04,2020,25.7,4375.778893,91.74732605,5.57,Q1,2020Q1,0.15179516760083941,Low
Mongolia,61.11,2020,31.4,4001.251931,2.136237218,8.22,Q1,2020Q1,0.0,Medium
Nepal,96.3,2020,30.0,1154.215176,202.0688804,0.28,Q1,2020Q1,0.0,Medium
Netherlands,78.7,2020,26.0,53467.92774,518.013068,2.91,Q1,2020Q1,5.962789897657885,Low
Niger,66.67,2020,32.9,579.5124958,18.72393858,0.27,Q1,2020Q1,0.012648827687676665,Medium
Panama,79.63,2020,50.9,13290.56083,57.87626045,1.92,Q1,2020Q1,0.6987695367227849,Very High
Paraguay,79.63,2020,43.5,5365.472207,16.62154291,1.01,Q1,2020Q1,0.0454288093457358,High
Peru,94.44,2020,43.7,6133.325524,25.65513984,1.64,Q1,2020Q1,0.4202374286658384,High
Philippines,100.0,2020,40.7,3227.579102,375.8971862,0.99,Q1,2020Q1,0.078514460721999,High
Poland,81.48,2020,28.5,15987.57537,123.8005749,6.11,Q1,2020Q1,0.08707337673457423,Low
Portugal,82.41,2020,34.7,22299.40441,112.406676,3.53,Q1,2020Q1,1.5538384130415213,Medium
Romania,87.04,2020,34.6,13082.30066,83.73283206,7.06,Q1,2020Q1,0.42563683315814743,Medium
Serbia,100.0,2020,35.0,8098.709557,82.04454751,5.35,Q1,2020Q1,0.23191343367261305,Medium
Slovenia,89.81,2020,24.0,25392.06511,104.4088814,4.25,Q1,2020Q1,0.7134638718542783,Low
Spain,85.19,2020,34.9,27230.35999,94.81538375,2.95,Q1,2020Q1,17.86948792326423,Medium
Suriname,71.3,2020,39.2,4755.392217,3.81487831,2.89,Q1,2020Q1,0.0,Medium
Sweden,59.26,2020,28.9,52653.75659,25.42094382,2.05,Q1,2020Q1,3.7185701141707272,Low
Switzerland,73.15,2020,33.7,85897.78433,218.6344696,4.48,Q1,2020Q1,5.614617082536145,Medium
Thailand,68.06,2020,35.0,6985.643939,140.2287851,2.33,Q1,2020Q1,0.013958393156680004,Medium
Tunisia,90.74,2020,33.7,3548.653637,77.07297245,2.38,Q1,2020Q1,0.08351388338973165,Medium
Ukraine,88.89,2020,25.6,3709.769287,77.11428029,6.26,Q1,2020Q1,0.038048331855938984,Low
United Kingdom,79.63,2020,32.6,40201.68124,277.2753854,2.43,Q1,2020Q1,7.669805239420611,Medium
Uruguay,62.96,2020,40.2,15789.68574,19.42045481,2.49,Q1,2020Q1,0.029420694752054152,High
Uzbekistan,90.74,2020,31.2,1978.280519,76.22006581,4.78,Q1,2020Q1,0.005954796189359185,Medium
Albania,68.52,2020,29.4,5370.778623,103.5711314,2.91,Q2,2020Q2,1.656183961866893,Low
Argentina,88.89,2020,42.7,8535.59938,16.51336651,3.2,Q2,2020Q2,2.832361903271964,High
Austria,50.0,2020,29.8,48716.40989,108.0570044,7.06,Q2,2020Q2,7.581140634196058,Low
Belgium,51.85,2020,26.0,45906.28758,378.3893225,5.52,Q2,2020Q2,78.36303247775902,Low
Benin,41.67,2020,34.4,1197.501364,115.9113959,0.47,Q2,2020Q2,0.160671220089044,Medium
Bhutan,83.33,2020,28.5,3191.66907,20.1889355,2.12,Q2,2020Q2,0.0,Low
Bolivia,89.81,2020,43.6,3099.94219,10.90768854,1.36,Q2,2020Q2,9.453044476955094,High
Brazil,77.31,2020,48.9,7074.193783,24.96498527,2.43,Q2,2020Q2,28.55878440287325,High
Bulgaria,41.67,2020,40.5,10198.53883,63.87265107,7.77,Q2,2020Q2,3.2016083034144,High
Burkina Faso,45.37,2020,37.4,825.2370388,78.50398392,0.2,Q2,2020Q2,0.18157531953764405,Medium
Chile,81.02,2020,47.0,13114.81547,26.0521726,2.03,Q2,2020Q2,29.30210198700878,High
China,78.24,2020,37.1,10408.71955,150.3055428,5.0,Q2,2020Q2,0.09850471263553257,Medium
Colombia,87.04,2020,53.5,5339.687114,45.63316539,1.69,Q2,2020Q2,6.553427210355157,Very High
Costa Rica,73.61,2020,49.2,12394.0494,98.59616138,1.15,Q2,2020Q2,0.2780911821258879,High
Croatia,54.63,2020,29.5,14808.46202,69.9464975,5.6,Q2,2020Q2,2.5803445194248846,Low
Czechia,34.72,2020,26.2,23472.89155,138.5759288,6.6,Q2,2020Q2,2.972557683977484,Low
Denmark,57.41,2020,27.5,60985.48856,145.7851,2.59,Q2,2020Q2,8.831492381594552,Low
Dominican Republic,83.33,2020,39.6,7162.291752,228.3973491,1.42,Q2,2020Q2,6.322502112042732,Medium
Ecuador,79.63,2020,47.3,5463.645096,70.64770897,1.32,Q2,2020Q2,25.37321046057905,High
El Salvador,89.81,2020,39.0,3997.192796,300.9012066,1.08,Q2,2020Q2,2.7748047090841816,Medium
Estonia,37.96,2020,30.7,23933.99394,31.09992982,4.46,Q2,2020Q2,4.888975135424611,Medium
Finland,35.19,2020,27.1,48828.68469,18.19287688,2.83,Q2,2020Q2,4.66584670740421,Low
France,51.85,2020,30.7,39169.8606,123.4594937,6.0,Q2,2020Q2,38.934271937250735,Medium
Georgia,58.33,2020,34.5,4300.857013,65.13027048,4.94,Q2,2020Q2,0.4029316230408121,Medium
Germany,63.43,2020,32.4,47379.76519,238.0173188,7.8,Q2,2020Q2,10.08887942022637,Medium
Hungary,49.07,2020,29.7,16131.95404,106.8392395,6.76,Q2,2020Q2,5.835808252776444,Low
India,87.5,2020,33.8,1907.042516,471.7551502,1.62,Q2,2020Q2,1.2380422735220091,Medium
Indonesia,62.5,2020,35.3,3853.702888,146.3712836,1.4,Q2,2020Q2,0.9970348547301658,Medium
Ireland,44.44,2020,29.2,87567.1149,72.36728117,2.91,Q2,2020Q2,33.397641344234,Low
Israel,69.44,2020,37.8,44679.77158,425.836414,3.07,Q2,2020Q2,3.3206367809356383,Medium
Italy,67.59,2020,35.2,32091.48666,200.9991005,3.18,Q2,2020Q2,37.58316256819971,Medium
Jamaica,75.93,2020,40.2,4879.440246,261.379409,1.71,Q2,2020Q2,0.3179381779810855,High
Kazakhstan,81.02,2020,28.7,8781.507978,7.216400711,6.72,Q2,2020Q2,0.9547217070916882,Low
Latvia,50.0,2020,35.7,17564.23215,30.53911297,5.3,Q2,2020Q2,1.5785743263828704,Medium
Lithuania,37.04,2020,36.0,20541.82499,44.63246567,5.96,Q2,2020Q2,2.0394399053986123,Medium
Luxembourg,27.78,2020,33.4,116905.3704,244.8742649,4.19,Q2,2020Q2,13.800345484511094,Medium
Malaysia,50.93,2020,40.7,9957.526267,103.1488601,1.97,Q2,2020Q2,0.21540558304124235,High
Malta,47.22,2020,31.4,31796.82134,1610.4125,4.38,Q2,2020Q2,1.746446950703624,Medium
Mexico,70.83,2020,44.6,8841.27075,65.22752849,1.0,Q2,2020Q2,21.877134824680947,High
Moldova,80.56,2020,25.7,4375.778893,91.74732605,5.57,Q2,2020Q2,20.53029641801353,Low
Mongolia,71.3,2020,31.4,4001.251931,2.136237218,8.22,Q2,2020Q2,0.0,Medium
Nepal,92.59,2020,30.0,1154.215176,202.0688804,0.28,Q2,2020Q2,0.10011539507571728,Medium
Netherlands,59.26,2020,26.0,53467.92774,518.013068,2.91,Q2,2020Q2,29.194736691224954,Low
Niger,25.93,2020,32.9,579.5124958,18.72393858,0.27,Q2,2020Q2,0.2698416573371022,Medium
Panama,83.33,2020,50.9,13290.56083,57.87626045,1.92,Q2,2020Q2,13.998683052346458,Very High
Paraguay,81.48,2020,43.5,5365.472207,16.62154291,1.01,Q2,2020Q2,0.2120011102801004,High
Peru,89.81,2020,43.7,6133.325524,25.65513984,1.64,Q2,2020Q2,114.98670511900042,High
Philippines,79.63,2020,40.7,3227.579102,375.8971862,0.99,Q2,2020Q2,1.0510231219376684,High
Poland,50.93,2020,28.5,15987.57537,123.8005749,6.11,Q2,2020Q2,3.7731796584982162,Low
Portugal,60.65,2020,34.7,22299.40441,112.406676,3.53,Q2,2020Q2,13.751469955417464,Medium
Romania,41.67,2020,34.6,13082.30066,83.73283206,7.06,Q2,2020Q2,8.14419745396504,Medium
Serbia,25.93,2020,35.0,8098.709557,82.04454751,5.35,Q2,2020Q2,3.7830878867844997,Medium
Slovenia,39.81,2020,24.0,25392.06511,104.4088814,4.25,Q2,2020Q2,4.566168779867382,Low
Spain,41.2,2020,34.9,27230.35999,94.81538375,2.95,Q2,2020Q2,41.99456336030823,Medium
Suriname,81.48,2020,39.2,4755.392217,3.81487831,2.89,Q2,2020Q2,2.1230833048894606,Medium
Sweden,59.26,2020,28.9,52653.75659,25.42094382,2.05,Q2,2020Q2,47.79086993484872,Low
Switzerland,35.19,2020,33.7,85897.78433,218.6344696,4.48,Q2,2020Q2,15.32732580882032,Medium
Thailand,59.26,2020,35.0,6985.643939,140.2287851,2.33,Q2,2020Q2,0.06700028715206402,Medium
Tunisia,26.85,2020,33.7,3548.653637,77.07297245,2.38,Q2,2020Q2,0.3340555335589266,Medium
Ukraine,41.67,2020,25.6,3709.769287,77.11428029,6.26,Q2,2020Q2,2.5872865662038516,Low
United Kingdom,71.3,2020,32.6,40201.68124,277.2753854,2.43,Q2,2020Q2,76.23443540111381,Medium
Uruguay,57.41,2020,40.2,15789.68574,19.42045481,2.49,Q2,2020Q2,0.7649380635534079,High
Uzbekistan,66.2,2020,31.2,1978.280519,76.22006581,4.78,Q2,2020Q2,0.07145755427231021,Medium
Albania,54.63,2020,29.4,5370.778623,103.5711314,2.91,Q3,2020Q3,11.452335906526386,Low
Argentina,87.96,2020,42.7,8535.59938,16.51336651,3.2,Q3,2020Q3,34.585794178235,High
Austria,40.74,2020,29.8,48716.40989,108.0570044,7.06,Q3,2020Q3,2.06350573475159,Low
Belgium,47.22,2020,26.0,45906.28758,378.3893225,5.52,Q3,2020Q3,2.3313045494931623,Low
Benin,47.22,2020,34.4,1197.501364,115.9113959,0.47,Q3,2020Q3,0.15302020960861332,Medium
Bhutan,77.78,2020,28.5,3191.66907,20.1889355,2.12,Q3,2020Q3,0.0,Low
Bolivia,81.48,2020,43.6,3099.94219,10.90768854,1.36,Q3,2020Q3,57.90307100387355,High
Brazil,67.13,2020,48.9,7074.193783,24.96498527,2.43,Q3,2020Q3,40.39377929856145,High
Bulgaria,35.19,2020,40.5,10198.53883,63.87265107,7.77,Q3,2020Q3,8.580887119511567,High
Burkina Faso,36.11,2020,37.4,825.2370388,78.50398392,0.2,Q3,2020Q3,0.023278887120210777,Medium
Chile,87.5,2020,47.0,13114.81547,26.0521726,2.03,Q3,2020Q3,36.410804318952245,High
China,54.17,2020,37.1,10408.71955,150.3055428,5.0,Q3,2020Q3,0.007086669973779321,Medium
Colombia,71.3,2020,53.5,5339.687114,45.63316539,1.69,Q3,2020Q3,44.763976580919014,Very High
Costa Rica,62.96,2020,49.2,12394.0494,98.59616138,1.15,Q3,2020Q3,17.638926409127745,High
Croatia,28.7,2020,29.5,14808.46202,69.9464975,5.6,Q3,2020Q3,4.419798038222822,Low
Czechia,38.89,2020,26.2,23472.89155,138.5759288,6.6,Q3,2020Q3,2.860385695902862,Low
Denmark,50.93,2020,27.5,60985.48856,145.7851,2.59,Q3,2020Q3,0.7716838003335046,Low
Dominican Republic,78.7,2020,39.6,7162.291752,228.3973491,1.42,Q3,2020Q3,12.336146362290272,Medium
Ecuador,51.39,2020,47.3,5463.645096,70.64770897,1.32,Q3,2020Q3,38.91470822660238,High
El Salvador,52.78,2020,39.0,3997.192796,300.9012066,1.08,Q3,2020Q3,10.730314164030737,Medium
Estonia,35.19,2020,30.7,23933.99394,31.09992982,4.46,Q3,2020Q3,-0.37607501041727776,Medium
Finland,32.41,2020,27.1,48828.68469,18.19287688,2.83,Q3,2020Q3,0.3616935432096287,Low
France,49.54,2020,30.7,39169.8606,123.4594937,6.0,Q3,2020Q3,3.1537943681693985,Medium
Georgia,60.19,2020,34.5,4300.857013,65.13027048,4.94,Q3,2020Q3,0.564104272257137,Medium
Germany,49.54,2020,32.4,47379.76519,238.0173188,7.8,Q3,2020Q3,0.6192816330651467,Medium
Hungary,40.74,2020,29.7,16131.95404,106.8392395,6.76,Q3,2020Q3,1.846125633567241,Low
India,70.83,2020,33.8,1907.042516,471.7551502,1.62,Q3,2020Q3,5.794736533678195,Medium
Indonesia,72.69,2020,35.3,3853.702888,146.3712836,1.4,Q3,2020Q3,2.8615628093423444,Medium
Ireland,52.31,2020,29.2,87567.1149,72.36728117,2.91,Q3,2020Q3,1.3639877545993466,Low
Israel,85.19,2020,37.8,44679.77158,425.836414,3.07,Q3,2020Q3,13.857690095603955,Medium
Italy,62.96,2020,35.2,32091.48666,200.9991005,3.18,Q3,2020Q3,1.896066261442369,Medium
Jamaica,75.0,2020,40.2,4879.440246,261.379409,1.71,Q3,2020Q3,3.4266670293516994,High
Kazakhstan,78.7,2020,28.7,8781.507978,7.216400711,6.72,Q3,2020Q3,9.685805705817288,Low
Latvia,34.26,2020,35.7,17564.23215,30.53911297,5.3,Q3,2020Q3,0.3683340094893365,Medium
Lithuania,39.81,2020,36.0,20541.82499,44.63246567,5.96,Q3,2020Q3,0.5724743594101367,Medium
Luxembourg,47.22,2020,33.4,116905.3704,244.8742649,4.19,Q3,2020Q3,2.220745250381096,Medium
Malaysia,54.63,2020,40.7,9957.526267,103.1488601,1.97,Q3,2020Q3,0.04426142117285803,High
Malta,42.59,2020,31.4,31796.82134,1610.4125,4.38,Q3,2020Q3,5.0452911909215805,Medium
Mexico,73.61,2020,44.6,8841.27075,65.22752849,1.0,Q3,2020Q3,39.335466966496455,High
Moldova,37.96,2020,25.7,4375.778893,91.74732605,5.57,Q3,2020Q3,29.410313722662636,Low
Mongolia,42.59,2020,31.4,4001.251931,2.136237218,8.22,Q3,2020Q3,0.0,Medium
Nepal,76.85,2020,30.0,1154.215176,202.0688804,0.28,Q3,2020Q3,1.6191075962245312,Medium
Netherlands,62.04,2020,26.0,53467.92774,518.013068,2.91,Q3,2020Q3,1.8633718430180892,Low
Niger,14.81,2020,32.9,579.5124958,18.72393858,0.27,Q3,2020Q3,0.008432551791784444,Medium
Panama,87.04,2020,50.9,13290.56083,57.87626045,1.92,Q3,2020Q3,40.55192544781228,Very High
Paraguay,81.48,2020,43.5,5365.472207,16.62154291,1.01,Q3,2020Q3,12.720066616806026,High
Peru,85.19,2020,43.7,6133.325524,25.65513984,1.64,Q3,2020Q3,134.7104574774688,High
Philippines,67.13,2020,40.7,3227.579102,375.8971862,0.99,Q3,2020Q3,3.781185051588997,High
Poland,23.15,2020,28.5,15987.57537,123.8005749,6.11,Q3,2020Q3,2.7705165324637253,Low
Portugal,58.33,2020,34.7,22299.40441,112.406676,3.53,Q3,2020Q3,3.8360385821962555,Medium
Romania,43.52,2020,34.6,13082.30066,83.73283206,7.06,Q3,2020Q3,16.475259859072683,Medium
Serbia,54.63,2020,35.0,8098.709557,82.04454751,5.35,Q3,2020Q3,6.841446293342084,Medium
Slovenia,50.0,2020,24.0,25392.06511,104.4088814,4.25,Q3,2020Q3,1.8550060668211235,Low
Spain,60.65,2020,34.9,27230.35999,94.81538375,2.95,Q3,2020Q3,7.254201382837417,Medium
Suriname,67.59,2020,39.2,4755.392217,3.81487831,2.89,Q3,2020Q3,14.861583134226226,Medium
Sweden,55.56,2020,28.9,52653.75659,25.42094382,2.05,Q3,2020Q3,5.4088292569756025,Low
Switzerland,43.06,2020,33.7,85897.78433,218.6344696,4.48,Q3,2020Q3,1.1460764766413987,Medium
Thailand,47.22,2020,35.0,6985.643939,140.2287851,2.33,Q3,2020Q3,0.0013958393156680003,Medium
Tunisia,23.15,2020,33.7,3548.653637,77.07297245,2.38,Q3,2020Q3,1.7955484928792305,Medium
Ukraine,58.8,2020,25.6,3709.769287,77.11428029,6.26,Q3,2020Q3,6.821842088053061,Low
United Kingdom,67.59,2020,32.6,40201.68124,277.2753854,2.43,Q3,2020Q3,3.86248112251483,Medium
Uruguay,43.52,2020,40.2,15789.68574,19.42045481,2.49,Q3,2020Q3,0.6178345897931372,High
Uzbekistan,43.52,2020,31.2,1978.280519,76.22006581,4.78,Q3,2020Q3,1.3219647540377388,Medium
Albania,56.48,2020,29.4,5370.778623,103.5711314,2.91,Q4,2020Q4,27.978937568559846,Low
Argentina,79.17,2020,42.7,8535.59938,16.51336651,3.2,Q4,2020Q4,58.213888243186595,High
Austria,82.41,2020,29.8,48716.40989,108.0570044,7.06,Q4,2020Q4,72.80586538047457,Low
Belgium,60.19,2020,26.0,45906.28758,378.3893225,5.52,Q4,2020Q4,82.43631551962439,Low
Benin,35.19,2020,34.4,1197.501364,115.9113959,0.47,Q4,2020Q4,0.022953031441291998,Medium
Bhutan,81.94,2020,28.5,3191.66907,20.1889355,2.12,Q4,2020Q4,0.0,Low
Bolivia,52.78,2020,43.6,3099.94219,10.90768854,1.36,Q4,2020Q4,10.155464075511292,High
Brazil,64.35,2020,48.9,7074.193783,24.96498527,2.43,Q4,2020Q4,24.438701344835945,High
Bulgaria,53.7,2020,40.5,10198.53883,63.87265107,7.77,Q4,2020Q4,97.36062007365142,High
Burkina Faso,13.89,2020,37.4,825.2370388,78.50398392,0.2,Q4,2020Q4,0.1257059904491382,Medium
Chile,79.17,2020,47.0,13114.81547,26.0521726,2.03,Q4,2020Q4,19.96321853131835,High
China,78.24,2020,37.1,10408.71955,150.3055428,5.0,Q4,2020Q4,0.004818935582169938,Medium
Colombia,60.19,2020,53.5,5339.687114,45.63316539,1.69,Q4,2020Q4,34.00158210556481,Very High
Costa Rica,66.67,2020,49.2,12394.0494,98.59616138,1.15,Q4,2020Q4,25.445343164518743,High
Croatia,67.59,2020,29.5,14808.46202,69.9464975,5.6,Q4,2020Q4,92.99459456145128,Low
Czechia,73.15,2020,26.2,23472.89155,138.5759288,6.6,Q4,2020Q4,102.12324747627048,Low
Denmark,51.85,2020,27.5,60985.48856,145.7851,2.59,Q4,2020Q4,11.112246724802466,Low
Dominican Republic,70.37,2020,39.6,7162.291752,228.3973491,1.42,Q4,2020Q4,2.8069729204327643,Medium
Ecuador,73.15,2020,47.3,5463.645096,70.64770897,1.32,Q4,2020Q4,15.268380688205589,High
El Salvador,47.22,2020,39.0,3997.192796,300.9012066,1.08,Q4,2020Q4,7.763037452004299,Medium
Estonia,55.56,2020,30.7,23933.99394,31.09992982,4.46,Q4,2020Q4,12.410475343770168,Medium
Finland,52.31,2020,27.1,48828.68469,18.19287688,2.83,Q4,2020Q4,4.756270093206617,Low
France,63.89,2020,30.7,39169.8606,123.4594937,6.0,Q4,2020Q4,48.49032804343006,Medium
Georgia,84.26,2020,34.5,4300.857013,65.13027048,4.94,Q4,2020Q4,66.32254515251768,Medium
Germany,82.41,2020,32.4,47379.76519,238.0173188,7.8,Q4,2020Q4,28.35828883995215,Medium
Hungary,72.22,2020,29.7,16131.95404,106.8392395,6.76,Q4,2020Q4,89.96785587584354,Low
India,66.2,2020,33.8,1907.042516,471.7551502,1.62,Q4,2020Q4,3.587292544459166,Medium
Indonesia,68.06,2020,35.3,3853.702888,146.3712836,1.4,Q4,2020Q4,4.147519443143953,Medium
Ireland,84.26,2020,29.2,87567.1149,72.36728117,2.91,Q4,2020Q4,8.68539261384584,Low
Israel,82.41,2020,37.8,44679.77158,425.836414,3.07,Q4,2020Q4,18.67586895421645,Medium
Italy,82.41,2020,35.2,32091.48666,200.9991005,3.18,Q4,2020Q4,64.37708562031254,Medium
Jamaica,71.3,2020,40.2,4879.440246,261.379409,1.71,Q4,2020Q4,6.888660522923519,High
Kazakhstan,70.37,2020,28.7,8781.507978,7.216400711,6.72,Q4,2020Q4,3.4595829601064403,Low
Latvia,63.89,2020,35.7,17564.23215,30.53911297,5.3,Q4,2020Q4,31.466248239231884,Medium
Lithuania,82.41,2020,36.0,20541.82499,44.63246567,5.96,Q4,2020Q4,61.6483325789791,Medium
Luxembourg,67.59,2020,33.4,116905.3704,244.8742649,4.19,Q4,2020Q4,58.84974913509904,Medium
Malaysia,67.13,2020,40.7,9957.526267,103.1488601,1.97,Q4,2020Q4,0.9885050728604959,High
Malta,52.78,2020,31.4,31796.82134,1610.4125,4.38,Q4,2020Q4,35.70513765882965,Medium
Mexico,71.76,2020,44.6,8841.27075,65.22752849,1.0,Q4,2020Q4,37.98214456710379,High
Moldova,57.41,2020,25.7,4375.778893,91.74732605,5.57,Q4,2020Q4,63.1847385138494,Low
Mongolia,75.46,2020,31.4,4001.251931,2.136237218,8.22,Q4,2020Q4,0.030055265622426518,Medium
Nepal,60.19,2020,30.0,1154.215176,202.0688804,0.28,Q4,2020Q4,4.688162293545657,Medium
Netherlands,78.7,2020,26.0,53467.92774,518.013068,2.91,Q4,2020Q4,29.057133847432848,Low
Niger,31.48,2020,32.9,579.5124958,18.72393858,0.27,Q4,2020Q4,0.14756965635622774,Medium
Panama,76.85,2020,50.9,13290.56083,57.87626045,1.92,Q4,2020Q4,38.432324519753166,Very High
Paraguay,52.78,2020,43.5,5365.472207,16.62154291,1.01,Q4,2020Q4,21.27582571025293,High
Peru,59.26,2020,43.7,6133.325524,25.65513984,1.64,Q4,2020Q4,33.299248423630026,High
Philippines,66.2,2020,40.7,3227.579102,375.8971862,0.99,Q4,2020Q4,3.3368645806849577,High
Poland,80.56,2020,28.5,15987.57537,123.8005749,6.11,Q4,2020Q4,68.71144859227417,Low
Portugal,76.85,2020,34.7,22299.40441,112.406676,3.53,Q4,2020Q4,47.92620355224942,Medium
Romania,76.85,2020,34.6,13082.30066,83.73283206,7.06,Q4,2020Q4,56.796563761176216,Medium
Serbia,60.19,2020,35.0,8098.709557,82.04454751,5.35,Q4,2020Q4,35.68567960637333,Medium
Slovenia,81.48,2020,24.0,25392.06511,104.4088814,4.25,Q4,2020Q4,121.14616544085648,Low
Spain,78.7,2020,34.9,27230.35999,94.81538375,2.95,Q4,2020Q4,40.21057029613546,Medium
Suriname,67.59,2020,39.2,4755.392217,3.81487831,2.89,Q4,2020Q4,2.9396538067700226,Medium
Sweden,69.44,2020,28.9,52653.75659,25.42094382,2.05,Q4,2020Q4,27.37253948976582,Low
Switzerland,60.19,2020,33.7,85897.78433,218.6344696,4.48,Q4,2020Q4,69.05400185016103,Medium
Thailand,63.89,2020,35.0,6985.643939,140.2287851,2.33,Q4,2020Q4,0.0027916786313360005,Medium
Tunisia,71.3,2020,33.7,3548.653637,77.07297245,2.38,Q4,2020Q4,36.83797396321063,Medium
Ukraine,54.63,2020,25.6,3709.769287,77.11428029,6.26,Q4,2020Q4,33.706345750025946,Low
United Kingdom,79.63,2020,32.6,40201.68124,277.2753854,2.43,Q4,2020Q4,54.01212506019195,Medium
Uruguay,70.37,2020,40.2,15789.68574,19.42045481,2.49,Q4,2020Q4,3.9129524020232025,High
Uzbekistan,42.59,2020,31.2,1978.280519,76.22006581,4.78,Q4,2020Q4,0.42874532563386125,Medium
Albania,60.19,2021,29.4,6413.283286,102.6155474,2.91,Q1,2021Q1,37.48667160324164,Low
Argentina,71.76,2021,42.4,10738.01792,16.55733057,3.34,Q1,2021Q1,27.835720739814448,High
Austria,73.15,2021,30.7,53648.71907,108.5288051,7.06,Q1,2021Q1,43.74820018810163,Medium
Belgium,70.37,2021,26.6,51655.78833,379.9499902,5.48,Q1,2021Q1,30.1047928159331,Low
Benin,46.3,2021,34.4,1318.834978,118.9554541,0.45,Q1,2021Q1,0.3429402068093462,Medium
Bhutan,72.22,2021,28.5,3570.612579,20.33146303,2.2,Q1,2021Q1,0.12895871000023212,Low
Bolivia,25.0,2021,40.9,3384.844865,11.0194406,1.35,Q1,2021Q1,25.901874451302465,High
Brazil,70.83,2021,52.9,7972.53665,25.07140273,2.46,Q1,2021Q1,60.63747159428944,Very High
Bulgaria,61.11,2021,39.0,12274.0776,63.35430177,7.77,Q1,2021Q1,81.72739225644226,Medium
Burkina Faso,30.56,2021,37.4,895.5352884,80.39197003,0.2,Q1,2021Q1,0.27733269416482464,Medium
Chile,79.17,2021,43.0,16216.57065,26.16744673,1.97,Q1,2021Q1,33.546915878397236,High
China,50.0,2021,35.7,12617.5051,150.4397537,5.0,Q1,2021Q1,0.01005409385709026,Medium
Colombia,81.02,2021,55.1,6222.621644,46.13625327,1.69,Q1,2021Q1,39.479822809851015,Very High
Costa Rica,59.26,2021,48.7,12838.11854,99.09886408,1.18,Q1,2021Q1,15.256953178545087,High
Croatia,43.52,2021,28.9,17789.93047,69.31703002,5.6,Q1,2021Q1,52.25599197314965,Low
Czechia,81.48,2021,26.2,27696.46195,136.1083491,6.6,Q1,2021Q1,141.26520164343944,Low
Denmark,64.81,2021,28.3,69727.98737,146.418325,2.51,Q1,2021Q1,19.157438114389027,Low
Dominican Republic,70.37,2021,38.5,8472.47982,230.7869908,1.42,Q1,2021Q1,8.18988596730015,Medium
Ecuador,57.41,2021,45.8,6075.802657,71.19686745,1.3,Q1,2021Q1,15.908425380323344,High
El Salvador,34.26,2021,39.0,4642.607431,301.9199807,1.16,Q1,2021Q1,10.85395878564822,Medium
Estonia,60.96,2021,31.8,27953.76702,31.13291228,4.46,Q1,2021Q1,50.56606949115356,Medium
Finland,52.31,2021,27.7,53099.13514,18.23016591,2.83,Q1,2021Q1,5.233696269114496,Low
France,68.52,2021,31.5,43725.09995,123.9009108,6.0,Q1,2021Q1,45.75282117953515,Medium
Georgia,64.81,2021,34.2,5083.606955,64.88348088,4.94,Q1,2021Q1,34.3255289717711,Medium
Germany,75.0,2021,32.4,52265.65416,238.1180858,7.8,Q1,2021Q1,52.010865223718845,Medium
Hungary,79.63,2021,29.2,18755.10235,106.3981043,6.84,Q1,2021Q1,115.3462999739132,Low
India,57.87,2021,32.8,2239.613844,475.6520424,1.6,Q1,2021Q1,0.9852186123520621,Medium
Indonesia,71.76,2021,35.5,4287.17314,146.2351077,1.36,Q1,2021Q1,6.76403081936698,Medium
Ireland,84.26,2021,30.1,105561.1375,73.06087966,2.91,Q1,2021Q1,48.67713430359114,Medium
Israel,55.42,2021,37.9,52255.61591,433.0591497,3.06,Q1,2021Q1,30.77448406854899,Medium
Italy,79.63,2021,34.8,36852.54254,199.9654163,3.18,Q1,2021Q1,59.50467092303671,Medium
Jamaica,71.3,2021,40.2,5165.33781,262.0204986,1.68,Q1,2021Q1,10.360568943243111,High
Kazakhstan,64.81,2021,29.2,9983.601036,7.31325814,6.72,Q1,2021Q1,16.02037885384952,Low
Latvia,56.48,2021,34.3,20262.84339,30.2826611,5.3,Q1,2021Q1,67.07385021942277,Medium
Lithuania,72.22,2021,36.7,23934.72849,44.73469094,5.96,Q1,2021Q1,63.40957120348582,Medium
Luxembourg,48.15,2021,32.7,133711.7944,248.6206816,4.15,Q1,2021Q1,39.21482851714829,Medium
Malaysia,68.06,2021,40.7,10903.11164,104.3445412,2.01,Q1,2021Q1,2.3364759274868714,High
Malta,75.0,2021,31.4,38027.38017,1620.425,4.38,Q1,2021Q1,33.36316089914683,Medium
Mexico,47.22,2021,43.5,10314.05067,65.66431647,1.02,Q1,2021Q1,60.637777525765586,High
Moldova,65.74,2021,25.7,5274.605822,90.11035512,5.66,Q1,2021Q1,76.08418030756499,Low
Mongolia,71.76,2021,31.4,4517.61578,2.172536624,10.55,Q1,2021Q1,0.20687162522190675,Medium
Nepal,29.63,2021,30.0,1252.750767,205.6156958,0.39,Q1,2021Q1,3.983035120259501,Medium
Netherlands,75.0,2021,25.7,60141.98809,520.7319275,2.91,Q1,2021Q1,29.45295751268291,Low
Niger,34.26,2021,32.9,608.7224396,19.3432857,0.27,Q1,2021Q1,0.3346646456187092,Medium
Panama,68.52,2021,50.9,15509.80691,58.57919925,1.92,Q1,2021Q1,48.14280832281456,Very High
Paraguay,64.81,2021,42.9,5976.931798,16.82401712,1.01,Q1,2021Q1,29.083588687441488,High
Peru,83.33,2021,40.1,6826.972007,25.90303281,1.6,Q1,2021Q1,151.8463601722313,High
Philippines,81.02,2021,40.7,3484.385939,379.3170004,0.96,Q1,2021Q1,3.5835242763212865,High
Poland,75.93,2021,28.5,18635.51049,120.8152859,6.11,Q1,2021Q1,66.22489873939604,Low
Portugal,80.56,2021,34.6,24711.45101,113.1135105,3.53,Q1,2021Q1,95.94829330839309,Medium
Romania,63.89,2021,33.9,14986.78549,83.11047896,7.06,Q1,2021Q1,40.63892910277078,Medium
Serbia,61.11,2021,33.1,9680.527981,81.27394458,5.35,Q1,2021Q1,30.683347560534862,Medium
Slovenia,69.44,2021,24.3,29187.36938,104.6899644,4.25,Q1,2021Q1,64.03934577404357,Low
Spain,69.44,2021,33.9,30817.68286,94.8822088,2.94,Q1,2021Q1,51.92784497081289,Medium
Suriname,62.96,2021,39.2,5029.848385,3.849636787,2.89,Q1,2021Q1,8.901174307650479,Medium
Sweden,71.06,2021,29.8,61174.96802,25.57407926,2.05,Q1,2021Q1,45.48853661035132,Low
Switzerland,60.19,2021,33.7,93446.43445,220.314541,4.44,Q1,2021Q1,27.847517837231255,Medium
Thailand,47.22,2021,34.9,7058.0695,140.3968212,2.34,Q1,2021Q1,0.04600756654381066,Medium
Tunisia,53.7,2021,33.7,3885.281665,77.55292225,2.42,Q1,2021Q1,34.32757704574017,Medium
Ukraine,62.04,2021,25.6,4775.945801,76.45605799,6.26,Q1,2021Q1,34.25613066225058,Low
United Kingdom,70.37,2021,32.4,46896.86624,277.0482867,2.35,Q1,2021Q1,86.29747860735009,Medium
Uruguay,72.22,2021,40.8,17888.21151,19.40746772,2.48,Q1,2021Q1,23.346223314133297,High
Uzbekistan,37.04,2021,31.2,2258.519641,77.71125126,4.86,Q1,2021Q1,0.04380368287348422,Medium
Albania,37.96,2021,29.4,6413.283286,102.6155474,2.91,Q2,2021Q2,7.86010856197002,Low
Argentina,75.0,2021,42.4,10738.01792,16.55733057,3.34,Q2,2021Q2,84.84675490072989,High
Austria,53.91,2021,30.7,53648.71907,108.5288051,7.06,Q2,2021Q2,18.602476139197883,Medium
Belgium,50.93,2021,26.6,51655.78833,379.9499902,5.48,Q2,2021Q2,18.616983401366888,Low
Benin,38.89,2021,34.4,1318.834978,118.9554541,0.45,Q2,2021Q2,0.1043731064202358,Medium
Bhutan,63.43,2021,28.5,3570.612579,20.33146303,2.2,Q2,2021Q2,0.0,Low
Bolivia,27.78,2021,40.9,3384.844865,11.0194406,1.35,Q2,2021Q2,37.78054779281182,High
Brazil,60.65,2021,52.9,7972.53665,25.07140273,2.46,Q2,2021Q2,93.70065593895086,Very High
Bulgaria,48.15,2021,39.0,12274.0776,63.35430177,7.77,Q2,2021Q2,70.72087456597318,Medium
Burkina Faso,22.22,2021,37.4,895.5352884,80.39197003,0.2,Q2,2021Q2,0.10002162740370725,Medium
Chile,84.72,2021,43.0,16216.57065,26.16744673,1.97,Q2,2021Q2,48.364712489002294,High
China,74.54,2021,35.7,12617.5051,150.4397537,5.0,Q2,2021Q2,0.0007080347786683281,Medium
Colombia,59.26,2021,55.1,6222.621644,46.13625327,1.69,Q2,2021Q2,84.24211584969052,Very High
Costa Rica,55.56,2021,48.7,12838.11854,99.09886408,1.18,Q2,2021Q2,33.79454654833173,High
Croatia,36.11,2021,28.9,17789.93047,69.31703002,5.6,Q2,2021Q2,58.23694418714605,Low
Czechia,43.52,2021,26.2,27696.46195,136.1083491,6.6,Q2,2021Q2,36.95111601508199,Low
Denmark,47.03,2021,28.3,69727.98737,146.418325,2.51,Q2,2021Q2,1.9635520348972713,Low
Dominican Republic,62.96,2021,38.5,8472.47982,230.7869908,1.42,Q2,2021Q2,4.468027799943111,Medium
Ecuador,55.56,2021,45.8,6075.802657,71.19686745,1.3,Q2,2021Q2,26.653540283492326,High
El Salvador,26.85,2021,39.0,4642.607431,301.9199807,1.16,Q2,2021Q2,5.99445441033591,Medium
Estonia,31.48,2021,31.8,27953.76702,31.13291228,4.46,Q2,2021Q2,27.574661966201127,Medium
Finland,47.69,2021,27.7,53099.13514,18.23016591,2.83,Q2,2021Q2,1.8408173084471675,Low
France,44.96,2021,31.5,43725.09995,123.9009108,6.0,Q2,2021Q2,22.789444853633793,Medium
Georgia,25.0,2021,34.2,5083.606955,64.88348088,4.94,Q2,2021Q2,41.471063282469714,Medium
Germany,67.59,2021,32.4,52265.65416,238.1180858,7.8,Q2,2021Q2,17.4683715258789,Medium
Hungary,27.78,2021,29.2,18755.10235,106.3981043,6.84,Q2,2021Q2,95.31517913022917,Low
India,81.94,2021,32.8,2239.613844,475.6520424,1.6,Q2,2021Q2,16.725452437871095,Medium
Indonesia,71.76,2021,35.5,4287.17314,146.2351077,1.36,Q2,2021Q2,6.371268987067198,Medium
Ireland,50.0,2021,30.1,105561.1375,73.06087966,2.91,Q2,2021Q2,6.17901582384361,Medium
Israel,29.63,2021,37.9,52255.61591,433.0591497,3.06,Q2,2021Q2,2.3475681328296734,Medium
Italy,69.91,2021,34.8,36852.54254,199.9654163,3.18,Q2,2021Q2,30.81180845817288,Medium
Jamaica,69.44,2021,40.2,5165.33781,262.0204986,1.68,Q2,2021Q2,16.879974570794047,High
Kazakhstan,62.96,2021,29.2,9983.601036,7.31325814,6.72,Q2,2021Q2,9.354928783768596,Low
Latvia,41.67,2021,34.3,20262.84339,30.2826611,5.3,Q2,2021Q2,32.58175952114365,Medium
Lithuania,37.7,2021,36.7,23934.72849,44.73469094,5.96,Q2,2021Q2,28.884202197984248,Medium
Luxembourg,41.67,2021,32.7,133711.7944,248.6206816,4.15,Q2,2021Q2,11.24887511248875,Medium
Malaysia,89.81,2021,40.7,10903.11164,104.3445412,2.01,Q2,2021Q2,11.37026612402475,High
Malta,49.07,2021,31.4,38027.38017,1620.425,4.38,Q2,2021Q2,5.399817948994863,Medium
Mexico,44.44,2021,43.5,10314.05067,65.66431647,1.02,Q2,2021Q2,23.374408847670864,High
Moldova,67.59,2021,25.7,5274.605822,90.11035512,5.66,Q2,2021Q2,47.53816632887859,Low
Mongolia,59.26,2021,31.4,4517.61578,2.172536624,10.55,Q2,2021Q2,14.421907586898643,Medium
Nepal,68.52,2021,30.0,1252.750767,205.6156958,0.39,Q2,2021Q2,20.634428962025797,Medium
Netherlands,32.41,2021,25.7,60141.98809,520.7319275,2.91,Q2,2021Q2,7.6370081544311414,Low
Niger,19.44,2021,32.9,608.7224396,19.3432857,0.27,Q2,2021Q2,0.02856893316257274,Medium
Panama,61.11,2021,50.9,15509.80691,58.57919925,1.92,Q2,2021Q2,9.91852312960472,Very High
Paraguay,49.07,2021,42.9,5976.931798,16.82401712,1.01,Q2,2021Q2,129.99346816110034,High
Peru,75.93,2021,40.1,6826.972007,25.90303281,1.6,Q2,2021Q2,147.53038389990652,High
Philippines,71.76,2021,40.7,3484.385939,379.3170004,0.96,Q2,2021Q2,10.048545127162946,High
Poland,43.52,2021,28.5,18635.51049,120.8152859,6.11,Q2,2021Q2,59.42421194303897,Low
Portugal,63.89,2021,34.6,24711.45101,113.1135105,3.53,Q2,2021Q2,2.3933993905131246,Medium
Romania,39.75,2021,33.9,14986.78549,83.11047896,7.06,Q2,2021Q2,53.59255506951422,Medium
Serbia,32.41,2021,33.1,9680.527981,81.27394458,5.35,Q2,2021Q2,25.44508412387703,Medium
Slovenia,43.31,2021,24.3,29187.36938,104.6899644,4.25,Q2,2021Q2,17.646397502180893,Low
Spain,48.61,2021,33.9,30817.68286,94.8822088,2.94,Q2,2021Q2,11.422354331976388,Medium
Suriname,89.65,2021,39.2,5029.848385,3.849636787,2.89,Q2,2021Q2,55.83463883889846,Medium
Sweden,53.01,2021,29.8,61174.96802,25.57407926,2.05,Q2,2021Q2,11.175317985320588,Low
Switzerland,40.32,2021,33.7,93446.43445,220.314541,4.44,Q2,2021Q2,5.468406968037161,Medium
Thailand,53.7,2021,34.9,7058.0695,140.3968212,2.34,Q2,2021Q2,2.689351389788205,Medium
Tunisia,74.07,2021,33.7,3885.281665,77.55292225,2.42,Q2,2021Q2,51.01828242267041,Medium
Ukraine,54.63,2021,25.6,4775.945801,76.45605799,6.26,Q2,2021Q2,45.43028860479689,Low
United Kingdom,51.39,2021,32.4,46896.86624,277.0482867,2.35,Q2,2021Q2,3.03313810049346,Medium
Uruguay,63.89,2021,40.8,17888.21151,19.40746772,2.48,Q2,2021Q2,135.98512671876634,High
Uzbekistan,45.37,2021,31.2,2258.519641,77.71125126,4.86,Q2,2021Q2,0.3124662711641874,Medium
Albania,44.44,2021,29.4,6413.283286,102.6155474,2.91,Q3,2021Q3,8.606996705867624,Low
Argentina,73.41,2021,42.4,10738.01792,16.55733057,3.34,Q3,2021Q3,46.0691881743936,High
Austria,46.56,2021,30.7,53648.71907,108.5288051,7.06,Q3,2021Q3,4.868355100054188,Medium
Belgium,43.06,2021,26.6,51655.78833,379.9499902,5.48,Q3,2021Q3,3.702682373289937,Low
Benin,50.0,2021,34.4,1318.834978,118.9554541,0.45,Q3,2021Q3,0.41003720379378344,Medium
Bhutan,61.11,2021,28.5,3570.612579,20.33146303,2.2,Q3,2021Q3,0.25791742000046425,Low
Bolivia,31.02,2021,40.9,3384.844865,11.0194406,1.35,Q3,2021Q3,16.486057218681516,High
Brazil,55.79,2021,52.9,7972.53665,25.07140273,2.46,Q3,2021Q3,37.48217122520477,Very High
Bulgaria,46.3,2021,39.0,12274.0776,63.35430177,7.77,Q3,2021Q3,41.01636248984587,Medium
Burkina Faso,13.89,2021,37.4,895.5352884,80.39197003,0.2,Q3,2021Q3,0.07274300174815072,Medium
Chile,58.07,2021,43.0,16216.57065,26.16744673,1.97,Q3,2021Q3,25.302813983353698,High
China,76.39,2021,35.7,12617.5051,150.4397537,5.0,Q3,2021Q3,0.0025489252032059816,Medium
Colombia,46.3,2021,55.1,6222.621644,46.13625327,1.69,Q3,2021Q3,38.59289918395798,Very High
Costa Rica,52.28,2021,48.7,12838.11854,99.09886408,1.18,Q3,2021Q3,33.972412582796636,High
Croatia,31.81,2021,28.9,17789.93047,69.31703002,5.6,Q3,2021Q3,11.188505434803625,Low
Czechia,40.35,2021,26.2,27696.46195,136.1083491,6.6,Q3,2021Q3,1.4848980160620275,Low
Denmark,20.37,2021,28.3,69727.98737,146.418325,2.51,Q3,2021Q3,2.1001469590640376,Low
Dominican Republic,65.74,2021,38.5,8472.47982,230.7869908,1.42,Q3,2021Q3,2.013759008425064,Medium
Ecuador,51.39,2021,45.8,6075.802657,71.19686745,1.3,Q3,2021Q3,63.47535245956246,High
El Salvador,27.78,2021,39.0,4642.607431,301.9199807,1.16,Q3,2021Q3,13.635385632044082,Medium
Estonia,27.21,2021,31.8,27953.76702,31.13291228,4.46,Q3,2021Q3,6.611908046391552,Medium
Finland,24.07,2021,27.7,53099.13514,18.23016591,2.83,Q3,2021Q3,2.418328620901181,Low
France,42.38,2021,31.5,43725.09995,123.9009108,6.0,Q3,2021Q3,9.160882204600869,Medium
Georgia,47.22,2021,34.2,5083.606955,64.88348088,4.94,Q3,2021Q3,97.88033791636221,Medium
Germany,36.57,2021,32.4,52265.65416,238.1180858,7.8,Q3,2021Q3,3.32107001486296,Medium
Hungary,29.81,2021,29.2,18755.10235,106.3981043,6.84,Q3,2021Q3,2.039157803110251,Low
India,62.95,2021,32.8,2239.613844,475.6520424,1.6,Q3,2021Q3,3.456361571217168,Medium
Indonesia,67.95,2021,35.5,4287.17314,146.2351077,1.36,Q3,2021Q3,30.151968152485882,Medium
Ireland,42.16,2021,30.1,105561.1375,73.06087966,2.91,Q3,2021Q3,4.986922738857705,Medium
Israel,52.03,2021,37.9,52255.61591,433.0591497,3.06,Q3,2021Q3,14.213457967859657,Medium
Italy,56.5,2021,34.8,36852.54254,199.9654163,3.18,Q3,2021Q3,5.673634323664654,Medium
Jamaica,83.33,2021,40.2,5165.33781,262.0204986,1.68,Q3,2021Q3,27.98058415284024,High
Kazakhstan,66.2,2021,29.2,9983.601036,7.31325814,6.72,Q3,2021Q3,41.26906319986276,Low
Latvia,37.96,2021,34.3,20262.84339,30.2826611,5.3,Q3,2021Q3,10.825210003767596,Medium
Lithuania,36.14,2021,36.7,23934.72849,44.73469094,5.96,Q3,2021Q3,21.886299069671622,Medium
Luxembourg,37.96,2021,32.7,133711.7944,248.6206816,4.15,Q3,2021Q3,2.655984401559844,Medium
Malaysia,66.23,2021,40.7,10903.11164,104.3445412,2.01,Q3,2021Q3,61.73721973190966,High
Malta,43.52,2021,31.4,38027.38017,1620.425,4.38,Q3,2021Q3,7.13547371831464,Medium
Mexico,38.89,2021,43.5,10314.05067,65.66431647,1.02,Q3,2021Q3,34.83011755094167,High
Moldova,37.04,2021,25.7,5274.605822,90.11035512,5.66,Q3,2021Q3,22.459279554081213,Low
Mongolia,37.04,2021,31.4,4517.61578,2.172536624,10.55,Q3,2021Q3,20.923587236729997,Medium
Nepal,52.31,2021,30.0,1252.750767,205.6156958,0.39,Q3,2021Q3,6.863441267704404,Medium
Netherlands,41.36,2021,25.7,60141.98809,520.7319275,2.91,Q3,2021Q3,3.1711549916831325,Low
Niger,19.44,2021,32.9,608.7224396,19.3432857,0.27,Q3,2021Q3,0.032650209328654554,Medium
Panama,74.54,2021,50.9,15509.80691,58.57919925,1.92,Q3,2021Q3,15.71775243044089,Very High
Paraguay,45.37,2021,42.9,5976.931798,16.82401712,1.01,Q3,2021Q3,49.415171519865865,High
Peru,66.67,2021,40.1,6826.972007,25.90303281,1.6,Q3,2021Q3,21.220970686287277,High
Philippines,72.58,2021,40.7,3484.385939,379.3170004,0.96,Q3,2021Q3,12.05294915736782,High
Poland,33.03,2021,28.5,18635.51049,120.8152859,6.11,Q3,2021Q3,1.7008477116932792,Low
Portugal,49.47,2021,34.6,24711.45101,113.1135105,3.53,Q3,2021Q3,8.483056710729985,Medium
Romania,61.56,2021,33.9,14986.78549,83.11047896,7.06,Q3,2021Q3,17.022225483144883,Medium
Serbia,47.22,2021,33.1,9680.527981,81.27394458,5.35,Q3,2021Q3,17.368208657298467,Medium
Slovenia,43.25,2021,24.3,29187.36938,104.6899644,4.25,Q3,2021Q3,6.735990444380879,Low
Spain,42.13,2021,33.9,30817.68286,94.8822088,2.94,Q3,2021Q3,11.683870568528285,Medium
Suriname,58.33,2021,39.2,5029.848385,3.849636787,2.89,Q3,2021Q3,58.58591089762679,Medium
Sweden,16.02,2021,29.8,61174.96802,25.57407926,2.05,Q3,2021Q3,2.2561853320879193,Low
Switzerland,43.54,2021,33.7,93446.43445,220.314541,4.44,Q3,2021Q3,3.60731047891527,Medium
Thailand,55.09,2021,34.9,7058.0695,140.3968212,2.34,Q3,2021Q3,20.499856316975514,Medium
Tunisia,45.72,2021,33.7,3885.281665,77.55292225,2.42,Q3,2021Q3,82.42436354962418,Medium
Ukraine,57.01,2021,25.6,4775.945801,76.45605799,6.26,Q3,2021Q3,12.187733077132842,Low
United Kingdom,41.2,2021,32.4,46896.86624,277.0482867,2.35,Q3,2021Q3,14.409270917149945,Medium
Uruguay,55.56,2021,40.8,17888.21151,19.40746772,2.48,Q3,2021Q3,13.601456710125577,High
Uzbekistan,48.15,2021,31.2,2258.519641,77.71125126,4.86,Q3,2021Q3,1.4688834990241708,Medium
Albania,40.74,2021,29.4,6413.283286,102.6155474,2.91,Q4,2021Q4,18.458806984897922,Low
Argentina,36.53,2021,42.4,10738.01792,16.55733057,3.34,Q4,2021Q4,4.391745363690696,High
Austria,43.75,2021,30.7,53648.71907,108.5288051,7.06,Q4,2021Q4,36.94813538091584,Medium
Belgium,33.89,2021,26.6,51655.78833,379.9499902,5.48,Q4,2021Q4,23.553893232420137,Low
Benin,50.0,2021,34.4,1318.834978,118.9554541,0.45,Q4,2021Q4,0.0149104437743194,Medium
Bhutan,49.07,2021,28.5,3570.612579,20.33146303,2.2,Q4,2021Q4,0.0,Low
Bolivia,25.81,2021,40.9,3384.844865,11.0194406,1.35,Q4,2021Q4,7.916323207141278,High
Brazil,61.57,2021,52.9,7972.53665,25.07140273,2.46,Q4,2021Q4,10.642791080980302,Very High
Bulgaria,45.82,2021,39.0,12274.0776,63.35430177,7.77,Q4,2021Q4,146.45792958533053,Medium
Burkina Faso,13.89,2021,37.4,895.5352884,80.39197003,0.2,Q4,2021Q4,0.6092226396407623,Medium
Chile,38.59,2021,43.0,16216.57065,26.16744673,1.97,Q4,2021Q4,8.465109614175004,High
China,79.17,2021,35.7,12617.5051,150.4397537,5.0,Q4,2021Q4,0.0024073182474723155,Medium
Colombia,49.4,2021,55.1,6222.621644,46.13625327,1.69,Q4,2021Q4,7.116878346097643,Very High
Costa Rica,45.31,2021,48.7,12838.11854,99.09886408,1.18,Q4,2021Q4,19.110717258618006,High
Croatia,38.05,2021,28.9,17789.93047,69.31703002,5.6,Q4,2021Q4,100.49030918171552,Low
Czechia,39.59,2021,26.2,27696.46195,136.1083491,6.6,Q4,2021Q4,53.97033173763908,Low
Denmark,31.49,2021,28.3,69727.98737,146.418325,2.51,Q4,2021Q4,10.654404085007801,Low
Dominican Republic,47.08,2021,38.5,8472.47982,230.7869908,1.42,Q4,2021Q4,1.8069891102385622,Medium
Ecuador,61.91,2021,45.8,6075.802657,71.19686745,1.3,Q4,2021Q4,5.072825299022409,High
El Salvador,31.48,2021,39.0,4642.607431,301.9199807,1.16,Q4,2021Q4,9.4312749389285,Medium
Estonia,37.48,2021,31.8,27953.76702,31.13291228,4.46,Q4,2021Q4,43.20280825767207,Medium
Finland,30.58,2021,27.7,53099.13514,18.23016591,2.83,Q4,2021Q4,10.756148194456,Low
France,43.75,2021,31.5,43725.09995,123.9009108,6.0,Q4,2021Q4,10.693837553399726,Medium
Georgia,44.32,2021,34.2,5083.606955,64.88348088,4.94,Q4,2021Q4,130.8846171476645,Medium
Germany,47.46,2021,32.4,52265.65416,238.1180858,7.8,Q4,2021Q4,21.592364005428237,Medium
Hungary,27.96,2021,29.2,18755.10235,106.3981043,6.84,Q4,2021Q4,92.64779594333243,Low
India,68.64,2021,32.8,2239.613844,475.6520424,1.6,Q4,2021Q4,2.343862868272002,Medium
Indonesia,66.69,2021,35.5,4287.17314,146.2351077,1.36,Q4,2021Q4,0.7786584623790513,Medium
Ireland,42.84,2021,30.1,105561.1375,73.06087966,2.91,Q4,2021Q4,13.172628589094254,Medium
Israel,48.91,2021,37.9,52255.61591,433.0591497,3.06,Q4,2021Q4,5.143308363745011,Medium
Italy,53.5,2021,34.8,36852.54254,199.9654163,3.18,Q4,2021Q4,10.960007168903315,Medium
Jamaica,77.78,2021,40.2,5165.33781,262.0204986,1.68,Q4,2021Q4,21.28497837319333,High
Kazakhstan,71.3,2021,29.2,9983.601036,7.31325814,6.72,Q4,2021Q4,11.669602554305817,Low
Latvia,44.14,2021,34.3,20262.84339,30.2826611,5.3,Q4,2021Q4,98.32899086755567,Medium
Lithuania,34.58,2021,36.7,23934.72849,44.73469094,5.96,Q4,2021Q4,85.65290614705094,Medium
Luxembourg,45.81,2021,32.7,133711.7944,248.6206816,4.15,Q4,2021Q4,12.4987501249875,Medium
Malaysia,49.04,2021,40.7,10903.11164,104.3445412,2.01,Q4,2021Q4,15.028119823236409,High
Malta,43.52,2021,31.4,38027.38017,1620.425,4.38,Q4,2021Q4,3.664162179675085,Medium
Mexico,35.19,2021,43.5,10314.05067,65.66431647,1.02,Q4,2021Q4,17.17298710828143,High
Moldova,43.05,2021,25.7,5274.605822,90.11035512,5.66,Q4,2021Q4,134.7556773244873,Low
Mongolia,40.28,2021,31.4,4517.61578,2.172536624,10.55,Q4,2021Q4,23.11051584621873,Medium
Nepal,38.89,2021,30.0,1252.750767,205.6156958,0.39,Q4,2021Q4,1.5572513800673857,Medium
Netherlands,63.89,2021,25.7,60141.98809,520.7319275,2.91,Q4,2021Q4,16.01547341123424,Low
Niger,16.67,2021,32.9,608.7224396,19.3432857,0.27,Q4,2021Q4,0.30201443629005464,Medium
Panama,42.34,2021,50.9,15509.80691,58.57919925,1.92,Q4,2021Q4,4.602562937171564,Very High
Paraguay,40.74,2021,42.9,5976.931798,16.82401712,1.01,Q4,2021Q4,6.37325554570477,High
Peru,69.64,2021,40.1,6826.972007,25.90303281,1.6,Q4,2021Q4,10.022354404566888,High
Philippines,65.73,2021,40.7,3484.385939,379.3170004,0.96,Q4,2021Q4,11.67983115968522,High
Poland,44.44,2021,28.5,18635.51049,120.8152859,6.11,Q4,2021Q4,57.87749510506034,Low
Portugal,48.15,2021,34.6,24711.45101,113.1135105,3.53,Q4,2021Q4,9.457787914124443,Medium
Romania,52.78,2021,33.9,14986.78549,83.11047896,7.06,Q4,2021Q4,113.53902840693046,Medium
Serbia,28.7,2021,33.1,9680.527981,81.27394458,5.35,Q4,2021Q4,65.55145306208688,Medium
Slovenia,54.02,2021,24.3,29187.36938,104.6899644,4.25,Q4,2021Q4,48.764775893123556,Low
Spain,43.44,2021,33.9,30817.68286,94.8822088,2.94,Q4,2021Q4,6.305915703952991,Medium
Suriname,60.19,2021,39.2,5029.848385,3.849636787,2.89,Q4,2021Q4,49.36105752424356,Medium
Sweden,41.38,2021,29.8,61174.96802,25.57407926,2.05,Q4,2021Q4,4.281951736643455,Low
Switzerland,43.51,2021,33.7,93446.43445,220.314541,4.44,Q4,2021Q4,12.981722424121832,Medium
Thailand,43.52,2021,34.9,7058.0695,140.3968212,2.34,Q4,2021Q4,6.930412523917662,Medium
Tunisia,35.2,2021,33.7,3885.281665,77.55292225,2.42,Q4,2021Q4,5.635499229704442,Medium
Ukraine,39.49,2021,25.6,4775.945801,76.45605799,6.26,Q4,2021Q4,95.05483689792734,Low
United Kingdom,44.06,2021,32.4,46896.86624,277.0482867,2.35,Q4,2021Q4,19.7370309549572,Medium
Uruguay,28.7,2021,40.8,17888.21151,19.40746772,2.48,Q4,2021Q4,3.38564398628667,High
Uzbekistan,44.44,2021,31.2,2258.519641,77.71125126,4.86,Q4,2021Q4,0.7183803991251412,Medium
Albania,35.19,2022,29.4,6846.426143,101.3755109,2.91,Q1,2022Q1,9.900316414112595,Low
Argentina,19.87,2022,40.7,13935.68111,16.59227169,3.34,Q1,2022Q1,23.89451845211794,High
Austria,40.74,2022,30.7,52176.66491,109.5716311,7.06,Q1,2022Q1,23.63454120179596,Medium
Belgium,20.37,2022,26.6,50807.20471,383.0330557,5.48,Q1,2022Q1,21.360917312274353,Low
Benin,13.89,2022,34.4,1264.70766,122.024663,0.45,Q1,2022Q1,0.014535410840843718,Medium
Bhutan,51.85,2022,28.5,3711.327679,20.47493445,2.2,Q1,2022Q1,0.8963855174833593,Low
Bolivia,28.31,2022,40.9,3643.92827,11.14848518,1.35,Q1,2022Q1,18.332133547357266,High
Brazil,34.55,2022,52.0,9281.333344,25.16186795,2.46,Q1,2022Q1,19.34700850661165,Very High
Bulgaria,25.17,2022,39.0,13644.20158,61.1949521,7.77,Q1,2022Q1,83.90378069773504,Medium
Burkina Faso,13.89,2022,37.4,836.1183046,82.26987573,0.2,Q1,2022Q1,0.28433023214941483,Medium
Chile,28.79,2022,43.0,15451.13196,26.29750434,1.97,Q1,2022Q1,89.32116731130654,High
China,73.61,2022,35.7,12662.58267,150.4200481,5.0,Q1,2022Q1,0.5414343123196488,Medium
Colombia,41.88,2022,54.8,6674.596019,46.63176566,1.69,Q1,2022Q1,18.707739913282985,Very High
Costa Rica,37.41,2022,47.2,13625.90085,99.52536232,1.18,Q1,2022Q1,18.635257631944807,High
Croatia,27.48,2022,28.9,18466.09555,68.89994639,5.6,Q1,2022Q1,78.45647455248037,Low
Czechia,18.55,2022,26.2,28282.22367,138.2905113,6.6,Q1,2022Q1,33.38606263536441,Low
Denmark,11.11,2022,28.3,68091.31911,147.575925,2.51,Q1,2022Q1,41.758166177850484,Low
Dominican Republic,8.33,2022,37.0,10109.5234,233.012352,1.42,Q1,2022Q1,1.1397296027134112,Medium
Ecuador,26.18,2022,45.5,6540.998245,71.76637542,1.3,Q1,2022Q1,9.76217490484825,High
El Salvador,33.23,2022,38.8,5093.518339,303.1041988,1.16,Q1,2022Q1,4.6972136287981545,Medium
Estonia,30.65,2022,31.8,28451.14778,31.56658086,4.46,Q1,2022Q1,39.07060881943003,Medium
Finland,26.85,2022,27.7,50438.4754,18.27980932,2.83,Q1,2022Q1,25.737449933460592,Low
France,18.82,2022,31.5,41082.81193,124.3067206,6.0,Q1,2022Q1,27.29449189131891,Medium
Georgia,21.3,2022,33.5,6729.846599,64.95157283,4.94,Q1,2022Q1,77.97975597050184,Medium
Germany,43.24,2022,32.4,49686.11546,239.861418,7.8,Q1,2022Q1,21.2284340727286,Medium
Hungary,11.11,2022,29.2,18353.29836,105.6802213,6.84,Q1,2022Q1,65.15713767721854,Low
India,43.06,2022,32.8,2352.613925,479.4255369,1.6,Q1,2022Q1,2.7847869787601014,Medium
Indonesia,50.27,2022,35.5,4730.745489,147.3301752,1.36,Q1,2022Q1,3.943255438861933,Medium
Ireland,11.11,2022,30.1,106194.7559,74.98475831,2.91,Q1,2022Q1,16.280465377393188,Medium
Israel,17.59,2022,37.9,54930.72616,,3.06,Q1,2022Q1,23.458017263928852,Medium
Italy,43.65,2022,34.8,35635.74422,199.5592689,3.18,Q1,2022Q1,37.247304086356806,Medium
Jamaica,23.15,2022,40.2,6022.153411,262.155494,1.68,Q1,2022Q1,14.61708176830763,High
Kazakhstan,56.48,2022,29.2,11255.33964,7.421050117,6.72,Q1,2022Q1,3.9930901571375816,Low
Latvia,13.89,2022,34.3,20229.46136,30.20059457,5.3,Q1,2022Q1,55.65656388293392,Medium
Lithuania,17.59,2022,36.7,25085.78406,45.23095968,5.96,Q1,2022Q1,52.54907140352284,Medium
Luxembourg,24.67,2022,32.7,125006.0218,253.6854331,4.15,Q1,2022Q1,18.526939854816163,Medium
Malaysia,39.96,2022,40.7,11748.09193,105.6018658,2.01,Q1,2022Q1,10.076236703136052,High
Malta,44.68,2022,31.4,36142.20585,1660.971875,4.38,Q1,2022Q1,30.47914342318409,Medium
Mexico,25.69,2022,43.5,11385.40708,66.16071247,1.02,Q1,2022Q1,18.34027551015656,High
Moldova,14.81,2022,25.7,5738.424735,88.02360149,5.66,Q1,2022Q1,45.71602125083147,Low
Mongolia,0.0,2022,31.4,4993.514875,2.204644002,10.55,Q1,2022Q1,3.552968942391812,Medium
Nepal,27.79,2022,30.0,1385.910663,207.2928915,0.39,Q1,2022Q1,1.2013957998125957,Medium
Netherlands,17.49,2022,25.7,59123.31856,525.7196911,2.91,Q1,2022Q1,6.728440263935639,Low
Niger,16.51,2022,32.9,609.7451476,19.98261072,0.27,Q1,2022Q1,0.13037308470580306,Medium
Panama,19.96,2022,50.9,17332.43607,59.32559989,1.92,Q1,2022Q1,16.8606742497284,Very High
Paraguay,29.69,2022,45.1,6205.625954,17.07135966,1.01,Q1,2022Q1,30.175443579020612,High
Peru,32.12,2022,40.3,7363.272069,26.15268594,1.6,Q1,2022Q1,28.47460875642613,High
Philippines,57.15,2022,40.7,3548.069306,382.2126237,0.96,Q1,2022Q1,6.795985600337538,High
Poland,14.81,2022,28.5,18891.21212,120.2971316,6.11,Q1,2022Q1,49.20733124328233,Low
Portugal,17.59,2022,34.6,24620.51956,113.9049578,3.53,Q1,2022Q1,26.259467304663108,Medium
Romania,11.11,2022,33.9,15557.88262,82.79077712,7.06,Q1,2022Q1,32.87922588348417,Medium
Serbia,36.11,2022,33.1,10022.96885,79.25376382,5.35,Q1,2022Q1,46.290398501061375,Medium
Slovenia,14.26,2022,24.3,28373.83823,104.8884607,4.25,Q1,2022Q1,42.51740941140376,Low
Spain,35.37,2022,33.9,30287.36576,95.57298272,2.94,Q1,2022Q1,26.82837984036015,Medium
Suriname,50.65,2022,39.2,6084.438767,3.88245766,2.89,Q1,2022Q1,21.663639106238488,Medium
Sweden,15.46,2022,29.8,55296.93715,25.74872569,2.05,Q1,2022Q1,29.13146931979497,Low
Switzerland,14.81,2022,33.7,93245.79521,222.1505997,4.44,Q1,2022Q1,15.346775604847531,Medium
Thailand,48.61,2022,34.9,6909.359975,140.4124743,2.34,Q1,2022Q1,4.784253516144046,Medium
Tunisia,45.32,2022,33.7,3678.400234,78.00807158,2.42,Q1,2022Q1,22.724020973429727,Medium
Ukraine,15.61,2022,25.6,4199.670898,70.84702451,6.26,Q1,2022Q1,31.23845428142712,Low
United Kingdom,20.37,2022,32.4,45935.92765,280.2091514,2.35,Q1,2022Q1,22.361375403814666,Medium
Uruguay,14.82,2022,40.6,20691.9739,19.37443149,2.48,Q1,2022Q1,29.16618621592474,High
Uzbekistan,40.74,2022,31.2,2578.666894,79.2892237,4.86,Q1,2022Q1,0.43504449403252043,Medium
Albania,11.11,2022,29.4,6846.426143,101.3755109,2.91,Q2,2022Q2,0.28800920477418457,Low
Argentina,18.98,2022,40.7,13935.68111,16.59227169,3.34,Q2,2022Q2,2.314575013195941,High
Austria,35.19,2022,30.7,52176.66491,109.5716311,7.06,Q2,2022Q2,12.121411865778368,Medium
Belgium,14.81,2022,26.6,50807.20471,383.0330557,5.48,Q2,2022Q2,9.349146975953342,Low
Benin,11.11,2022,34.4,1264.70766,122.024663,0.45,Q2,2022Q2,0.0,Medium
Bhutan,22.22,2022,28.5,3711.327679,20.47493445,2.2,Q2,2022Q2,1.408605813188136,Low
Bolivia,26.85,2022,40.9,3643.92827,11.14848518,1.35,Q2,2022Q2,0.4885256907380663,High
Brazil,27.41,2022,52.0,9281.333344,25.16186795,2.46,Q2,2022Q2,5.417809057322383,Very High
Bulgaria,11.11,2022,39.0,13644.20158,61.1949521,7.77,Q2,2022Q2,10.928264224355157,Medium
Burkina Faso,8.33,2022,37.4,836.1183046,82.26987573,0.2,Q2,2022Q2,0.022213299386673033,Medium
Chile,27.0,2022,43.0,15451.13196,26.29750434,1.97,Q2,2022Q2,9.712046763479595,High
China,79.17,2022,35.7,12662.58267,150.4200481,5.0,Q2,2022Q2,0.15423017685485155,Medium
Colombia,19.44,2022,54.8,6674.596019,46.63176566,1.69,Q2,2022Q2,0.8678350264556319,Very High
Costa Rica,11.11,2022,47.2,13625.90085,99.52536232,1.18,Q2,2022Q2,4.427595530293117,High
Croatia,14.81,2022,28.9,18466.09555,68.89994639,5.6,Q2,2022Q2,13.019884372014927,Low
Czechia,14.81,2022,26.2,28282.22367,138.2905113,6.6,Q2,2022Q2,5.865752233998911,Low
Denmark,11.11,2022,28.3,68091.31911,147.575925,2.51,Q2,2022Q2,13.061073477940253,Low
Dominican Republic,5.56,2022,37.0,10109.5234,233.012352,1.42,Q2,2022Q2,0.0712331001695882,Medium
Ecuador,34.62,2022,45.5,6540.998245,71.76637542,1.3,Q2,2022Q2,1.7055753856746367,High
El Salvador,24.84,2022,38.8,5093.518339,303.1041988,1.16,Q2,2022Q2,0.39806895159306405,Medium
Estonia,11.11,2022,31.8,28451.14778,31.56658086,4.46,Q2,2022Q2,9.786186649269002,Medium
Finland,26.85,2022,27.7,50438.4754,18.27980932,2.83,Q2,2022Q2,31.154913171202995,Low
France,18.81,2022,31.5,41082.81193,124.3067206,6.0,Q2,2022Q2,10.673618451417369,Medium
Georgia,11.11,2022,33.5,6729.846599,64.95157283,4.94,Q2,2022Q2,2.585857192804206,Medium
Germany,14.81,2022,32.4,49686.11546,239.861418,7.8,Q2,2022Q2,13.97885641283618,Medium
Hungary,0.0,2022,29.2,18353.29836,105.6802213,6.84,Q2,2022Q2,12.20400239434854,Low
India,37.04,2022,32.8,2352.613925,479.4255369,1.6,Q2,2022Q2,0.2776719199378381,Medium
Indonesia,29.94,2022,35.5,4730.745489,147.3301752,1.36,Q2,2022Q2,0.5910400148471547,Medium
Ireland,5.56,2022,30.1,106194.7559,74.98475831,2.91,Q2,2022Q2,14.441411618948061,Medium
Israel,14.81,2022,37.9,54930.72616,,3.06,Q2,2022Q2,4.948992937483651,Medium
Italy,19.22,2022,34.8,35635.74422,199.5592689,3.18,Q2,2022Q2,15.199868871053207,Medium
Jamaica,11.11,2022,40.2,6022.153411,262.155494,1.68,Q2,2022Q2,8.453252106973087,High
Kazakhstan,11.11,2022,29.2,11255.33964,7.421050117,6.72,Q2,2022Q2,0.03493953887495384,Low
Latvia,11.11,2022,34.3,20229.46136,30.20059457,5.3,Q2,2022Q2,12.982984309212119,Medium
Lithuania,11.11,2022,36.7,25085.78406,45.23095968,5.96,Q2,2022Q2,10.170788013585065,Medium
Luxembourg,19.12,2022,32.7,125006.0218,253.6854331,4.15,Q2,2022Q2,8.88068191387882,Medium
Malaysia,14.43,2022,40.7,11748.09193,105.6018658,2.01,Q2,2022Q2,2.253895052017275,High
Malta,13.89,2022,31.4,36142.20585,1660.971875,4.38,Q2,2022Q2,19.3787146456047,Medium
Mexico,19.44,2022,43.5,11385.40708,66.16071247,1.02,Q2,2022Q2,2.099319309709289,High
Moldova,11.11,2022,25.7,5738.424735,88.02360149,5.66,Q2,2022Q2,5.37835544127429,Low
Mongolia,11.11,2022,31.4,4993.514875,2.204644002,10.55,Q2,2022Q2,0.29122696249113217,Medium
Nepal,25.39,2022,30.0,1385.910663,207.2928915,0.39,Q2,2022Q2,0.0033652543412117527,Medium
Netherlands,15.67,2022,25.7,59123.31856,525.7196911,2.91,Q2,2022Q2,2.35580150299006,Low
Niger,10.83,2022,32.9,609.7451476,19.98261072,0.27,Q2,2022Q2,0.007901399073078973,Medium
Panama,20.85,2022,50.9,17332.43607,59.32559989,1.92,Q2,2022Q2,4.408316448042196,Very High
Paraguay,13.89,2022,45.1,6205.625954,17.07135966,1.01,Q2,2022Q2,4.4227733481015505,High
Peru,40.37,2022,40.3,7363.272069,26.15268594,1.6,Q2,2022Q2,3.844609889794422,High
Philippines,30.58,2022,40.7,3548.069306,382.2126237,0.96,Q2,2022Q2,1.1459725234397449,High
Poland,14.81,2022,28.5,18891.21212,120.2971316,6.11,Q2,2022Q2,3.3974486111455486,Low
Portugal,13.89,2022,34.6,24620.51956,113.9049578,3.53,Q2,2022Q2,23.518515607899,Medium
Romania,11.11,2022,33.9,15557.88262,82.79077712,7.06,Q2,2022Q2,3.800823812812157,Medium
Serbia,11.11,2022,33.1,10022.96885,79.25376382,5.35,Q2,2022Q2,4.906632191198402,Medium
Slovenia,11.11,2022,24.3,28373.83823,104.8884607,4.25,Q2,2022Q2,7.764872097405586,Low
Spain,27.58,2022,33.9,30287.36576,95.57298272,2.94,Q2,2022Q2,11.909765436039063,Medium
Suriname,21.3,2022,39.2,6084.438767,3.88245766,2.89,Q2,2022Q2,7.221213035412828,Medium
Sweden,11.11,2022,29.8,55296.93715,25.74872569,2.05,Q2,2022Q2,7.2375729013827765,Low
Switzerland,11.11,2022,33.7,93245.79521,222.1505997,4.44,Q2,2022Q2,3.0420112000700006,Medium
Thailand,24.07,2022,34.9,6909.359975,140.4124743,2.34,Q2,2022Q2,7.692165181259571,Medium
Tunisia,41.61,2022,33.7,3678.400234,78.00807158,2.42,Q2,2022Q2,3.0364704859194407,Medium
Ukraine,13.89,2022,25.6,4199.670898,70.84702451,6.26,Q2,2022Q2,3.5396922772294785,Low
United Kingdom,11.11,2022,32.4,45935.92765,280.2091514,2.35,Q2,2022Q2,12.925019545367379,Medium
Uruguay,13.89,2022,40.6,20691.9739,19.37443149,2.48,Q2,2022Q2,5.072380211465172,High
Uzbekistan,11.11,2022,31.2,2578.666894,79.2892237,4.86,Q2,2022Q2,0.0,Medium
Albania,11.11,2022,29.4,6846.426143,101.3755109,2.91,Q3,2022Q3,3.2041024031128034,Low
Argentina,14.4,2022,40.7,13935.68111,16.59227169,3.34,Q3,2022Q3,1.8212688257973768,High
Austria,35.19,2022,30.7,52176.66491,109.5716311,7.06,Q3,2022Q3,7.686479239704347,Medium
Belgium,14.81,2022,26.6,50807.20471,383.0330557,5.48,Q3,2022Q3,6.463924878062981,Low
Benin,5.56,2022,34.4,1264.70766,122.024663,0.45,Q3,2022Q3,0.0,Medium
Bhutan,5.56,2022,28.5,3711.327679,20.47493445,2.2,Q3,2022Q3,0.0,Low
Bolivia,24.07,2022,40.9,3643.92827,11.14848518,1.35,Q3,2022Q3,2.351547392705268,High
Brazil,22.22,2022,52.0,9281.333344,25.16186795,2.46,Q3,2022Q3,6.951761314556192,Very High
Bulgaria,11.11,2022,39.0,13644.20158,61.1949521,7.77,Q3,2022Q3,6.969402666496471,Medium
Burkina Faso,8.33,2022,37.4,836.1183046,82.26987573,0.2,Q3,2022Q3,0.0,Medium
Chile,26.83,2022,43.0,15451.13196,26.29750434,1.97,Q3,2022Q3,13.680739911694532,High
China,69.91,2022,35.7,12662.58267,150.4200481,5.0,Q3,2022Q3,0.05565882415423017,Medium
Colombia,19.44,2022,54.8,6674.596019,46.63176566,1.69,Q3,2022Q3,3.3321772508006893,Very High
Costa Rica,11.11,2022,47.2,13625.90085,99.52536232,1.18,Q3,2022Q3,8.756800048801942,High
Croatia,11.11,2022,28.9,18466.09555,68.89994639,5.6,Q3,2022Q3,21.864068776112713,Low
Czechia,11.11,2022,26.2,28282.22367,138.2905113,6.6,Q3,2022Q3,7.36498603182611,Low
Denmark,11.11,2022,28.3,68091.31911,147.575925,2.51,Q3,2022Q3,10.248961678539368,Low
Dominican Republic,5.56,2022,37.0,10109.5234,233.012352,1.42,Q3,2022Q3,0.008904137521198525,Medium
Ecuador,13.89,2022,45.5,6540.998245,71.76637542,1.3,Q3,2022Q3,0.9481652637467554,High
El Salvador,26.85,2022,38.8,5093.518339,303.1041988,1.16,Q3,2022Q3,1.3534344354164176,Medium
Estonia,11.11,2022,31.8,28451.14778,31.56658086,4.46,Q3,2022Q3,6.672399988137956,Medium
Finland,24.07,2022,27.7,50438.4754,18.27980932,2.83,Q3,2022Q3,19.906027710774417,Low
France,11.11,2022,31.5,41082.81193,124.3067206,6.0,Q3,2022Q3,8.19804417878994,Medium
Georgia,5.56,2022,33.5,6729.846599,64.95157283,4.94,Q3,2022Q3,1.8855208697530668,Medium
Germany,14.81,2022,32.4,49686.11546,239.861418,7.8,Q3,2022Q3,10.552759711346281,Medium
Hungary,5.56,2022,29.2,18353.29836,105.6802213,6.84,Q3,2022Q3,8.875638104980757,Low
India,31.48,2022,32.8,2352.613925,479.4255369,1.6,Q3,2022Q3,0.24666358527070203,Medium
Indonesia,29.92,2022,35.5,4730.745489,147.3301752,1.36,Q3,2022Q3,0.49313108034880926,Medium
Ireland,11.11,2022,30.1,106194.7559,74.98475831,2.91,Q3,2022Q3,8.575798052538863,Medium
Israel,14.81,2022,37.9,54930.72616,,3.06,Q3,2022Q3,7.742610515302119,Medium
Italy,15.51,2022,34.8,35635.74422,199.5592689,3.18,Q3,2022Q3,14.808434120862206,Medium
Jamaica,11.11,2022,40.2,6022.153411,262.155494,1.68,Q3,2022Q3,6.656936034241306,High
Kazakhstan,5.56,2022,29.2,11255.33964,7.421050117,6.72,Q3,2022Q3,0.15972360628550325,Low
Latvia,11.11,2022,34.3,20229.46136,30.20059457,5.3,Q3,2022Q3,7.1299995796492786,Medium
Lithuania,11.11,2022,36.7,25085.78406,45.23095968,5.96,Q3,2022Q3,5.191339715267377,Medium
Luxembourg,19.12,2022,32.7,125006.0218,253.6854331,4.15,Q3,2022Q3,5.359032189409634,Medium
Malaysia,11.11,2022,40.7,11748.09193,105.6018658,2.01,Q3,2022Q3,1.7552712105863433,High
Malta,11.11,2022,31.4,36142.20585,1660.971875,4.38,Q3,2022Q3,12.229285941401026,Medium
Mexico,17.59,2022,43.5,11385.40708,66.16071247,1.02,Q3,2022Q3,3.4180028464748275,High
Moldova,11.11,2022,25.7,5738.424735,88.02360149,5.66,Q3,2022Q3,10.954444538477782,Low
Mongolia,11.11,2022,31.4,4993.514875,2.204644002,10.55,Q3,2022Q3,0.3785950512384718,Medium
Nepal,22.64,2022,30.0,1385.910663,207.2928915,0.39,Q3,2022Q3,0.22210678651997567,Medium
Netherlands,11.11,2022,25.7,59123.31856,525.7196911,2.91,Q3,2022Q3,1.649625992501433,Low
Niger,10.79,2022,32.9,609.7451476,19.98261072,0.27,Q3,2022Q3,0.01185209860961846,Medium
Panama,9.26,2022,50.9,17332.43607,59.32559989,1.92,Q3,2022Q3,3.0221963277815056,Very High
Paraguay,13.89,2022,45.1,6205.625954,17.07135966,1.01,Q3,2022Q3,9.289303219423992,High
Peru,33.67,2022,40.3,7363.272069,26.15268594,1.6,Q3,2022Q3,9.158954096433332,High
Philippines,30.35,2022,40.7,3548.069306,382.2126237,0.96,Q3,2022Q3,2.0989022021959185,High
Poland,9.26,2022,28.5,18891.21212,120.2971316,6.11,Q3,2022Q3,3.109575267595247,Low
Portugal,11.11,2022,34.6,24620.51956,113.9049578,3.53,Q3,2022Q3,8.452865022887906,Medium
Romania,11.11,2022,33.9,15557.88262,82.79077712,7.06,Q3,2022Q3,6.730188022134235,Medium
Serbia,11.11,2022,33.1,10022.96885,79.25376382,5.35,Q3,2022Q3,13.204392441145545,Medium
Slovenia,11.11,2022,24.3,28373.83823,104.8884607,4.25,Q3,2022Q3,8.096299564977775,Low
Spain,13.89,2022,33.9,30287.36576,95.57298272,2.94,Q3,2022Q3,13.134662197657006,Medium
Suriname,21.3,2022,39.2,6084.438767,3.88245766,2.89,Q3,2022Q3,2.5675424125912283,Medium
Sweden,11.11,2022,29.8,55296.93715,25.74872569,2.05,Q3,2022Q3,10.49877175813233,Low
Switzerland,5.56,2022,33.7,93245.79521,222.1505997,4.44,Q3,2022Q3,2.0280074667133334,Medium
Thailand,29.63,2022,34.9,6909.359975,140.4124743,2.34,Q3,2022Q3,2.959490155819875,Medium
Tunisia,41.6,2022,33.7,3678.400234,78.00807158,2.42,Q3,2022Q3,4.604213399845239,Medium
Ukraine,13.89,2022,25.6,4199.670898,70.84702451,6.26,Q3,2022Q3,1.6395133534586641,Low
United Kingdom,5.56,2022,32.4,45935.92765,280.2091514,2.35,Q3,2022Q3,11.030962812172708,Medium
Uruguay,13.89,2022,40.6,20691.9739,19.37443149,2.48,Q3,2022Q3,4.541549724218816,High
Uzbekistan,5.56,2022,31.2,2578.666894,79.2892237,4.86,Q3,2022Q3,0.0,Medium
Albania,11.11,2022,29.4,6846.426143,101.3755109,2.91,Q4,2022Q4,0.21600690358063845,Low
Argentina,14.38,2022,40.7,13935.68111,16.59227169,3.34,Q4,2022Q4,0.49991296669408036,High
Austria,35.19,2022,30.7,52176.66491,109.5716311,7.06,Q4,2022Q4,7.741777651500782,Medium
Belgium,14.81,2022,26.6,50807.20471,383.0330557,5.48,Q4,2022Q4,4.751626897119144,Low
Benin,11.11,2022,34.4,1264.70766,122.024663,0.45,Q4,2022Q4,0.0,Medium
Bhutan,0.0,2022,28.5,3711.327679,20.47493445,2.2,Q4,2022Q4,0.0,Low
Bolivia,24.07,2022,40.9,3643.92827,11.14848518,1.35,Q4,2022Q4,0.513365980097629,High
Brazil,22.22,2022,52.0,9281.333344,25.16186795,2.46,Q4,2022Q4,3.716957468938834,Very High
Bulgaria,11.11,2022,39.0,13644.20158,61.1949521,7.77,Q4,2022Q4,5.870555161843679,Medium
Burkina Faso,8.33,2022,37.4,836.1183046,82.26987573,0.2,Q4,2022Q4,0.035541279018676854,Medium
Chile,13.89,2022,43.0,15451.13196,26.29750434,1.97,Q4,2022Q4,10.320647903476472,High
China,47.69,2022,35.7,12662.58267,150.4200481,5.0,Q4,2022Q4,0.09835891444049073,Medium
Colombia,19.44,2022,54.8,6674.596019,46.63176566,1.69,Q4,2022Q4,0.16815511648472156,Very High
Costa Rica,11.11,2022,47.2,13625.90085,99.52536232,1.18,Q4,2022Q4,2.007176640399546,High
Croatia,11.11,2022,28.9,18466.09555,68.89994639,5.6,Q4,2022Q4,17.843984956068265,Low
Czechia,11.11,2022,26.2,28282.22367,138.2905113,6.6,Q4,2022Q4,9.623206939803326,Low
Denmark,11.11,2022,28.3,68091.31911,147.575925,2.51,Q4,2022Q4,11.587255848133765,Low
Dominican Republic,5.56,2022,37.0,10109.5234,233.012352,1.42,Q4,2022Q4,0.0,Medium
Ecuador,14.81,2022,45.5,6540.998245,71.76637542,1.3,Q4,2022Q4,0.2580804859902411,High
El Salvador,26.85,2022,38.8,5093.518339,303.1041988,1.16,Q4,2022Q4,0.01592275806372256,Medium
Estonia,11.11,2022,31.8,28451.14778,31.56658086,4.46,Q4,2022Q4,12.825835532754072,Medium
Finland,18.52,2022,27.7,50438.4754,18.27980932,2.83,Q4,2022Q4,35.132519070010545,Low
France,11.11,2022,31.5,41082.81193,124.3067206,6.0,Q4,2022Q4,10.065376463958762,Medium
Georgia,5.56,2022,33.5,6729.846599,64.95157283,4.94,Q4,2022Q4,0.9696964473015771,Medium
Germany,14.81,2022,32.4,49686.11546,239.861418,7.8,Q4,2022Q4,13.7437672278158,Medium
Hungary,0.0,2022,29.2,18353.29836,105.6802213,6.84,Q4,2022Q4,10.285786215117886,Low
India,28.7,2022,32.8,2352.613925,479.4255369,1.6,Q4,2022Q4,0.1438169368045902,Medium
Indonesia,14.93,2022,35.5,4730.745489,147.3301752,1.36,Q4,2022Q4,0.8966019642705624,Medium
Ireland,11.11,2022,30.1,106194.7559,74.98475831,2.91,Q4,2022Q4,6.79481967593937,Medium
Israel,14.81,2022,37.9,54930.72616,,3.06,Q4,2022Q4,3.5469526549829977,Medium
Italy,21.99,2022,34.8,35635.74422,199.5592689,3.18,Q4,2022Q4,12.79364659715181,Medium
Jamaica,16.67,2022,40.2,6022.153411,262.155494,1.68,Q4,2022Q4,5.071951264183853,High
Kazakhstan,5.56,2022,29.2,11255.33964,7.421050117,6.72,Q4,2022Q4,0.03493953887495384,Low
Latvia,0.0,2022,34.3,20229.46136,30.20059457,5.3,Q4,2022Q4,8.88589499851813,Medium
Lithuania,11.11,2022,36.7,25085.78406,45.23095968,5.96,Q4,2022Q4,5.685753021483317,Medium
Luxembourg,11.11,2022,32.7,125006.0218,253.6854331,4.15,Q4,2022Q4,7.502645065173486,Medium
Malaysia,13.89,2022,40.7,11748.09193,105.6018658,2.01,Q4,2022Q4,1.3805827748289958,High
Malta,11.11,2022,31.4,36142.20585,1660.971875,4.38,Q4,2022Q4,1.6932857457324497,Medium
Mexico,17.59,2022,43.5,11385.40708,66.16071247,1.02,Q4,2022Q4,0.7674178365492845,High
Moldova,5.56,2022,25.7,5738.424735,88.02360149,5.66,Q4,2022Q4,3.519659075539793,Low
Mongolia,11.11,2022,31.4,4993.514875,2.204644002,10.55,Q4,2022Q4,0.14561348124556608,Medium
Nepal,21.59,2022,30.0,1385.910663,207.2928915,0.39,Q4,2022Q4,0.0033652543412117527,Medium
Netherlands,11.11,2022,25.7,59123.31856,525.7196911,2.91,Q4,2022Q4,2.2880086539831517,Low
Niger,10.55,2022,32.9,609.7451476,19.98261072,0.27,Q4,2022Q4,0.003950699536539487,Medium
Panama,20.37,2022,50.9,17332.43607,59.32559989,1.92,Q4,2022Q4,1.5906296462007923,Very High
Paraguay,11.11,2022,45.1,6205.625954,17.07135966,1.01,Q4,2022Q4,1.4348127584142154,High
Peru,11.11,2022,40.3,7363.272069,26.15268594,1.6,Q4,2022Q4,4.949897892299423,High
Philippines,25.41,2022,40.7,3548.069306,382.2126237,0.96,Q4,2022Q4,2.1392657060843017,High
Poland,9.26,2022,28.5,18891.21212,120.2971316,6.11,Q4,2022Q4,2.6180179545518056,Low
Portugal,11.11,2022,34.6,24620.51956,113.9049578,3.53,Q4,2022Q4,6.545699331782812,Medium
Romania,11.11,2022,33.9,15557.88262,82.79077712,7.06,Q4,2022Q4,1.853164096578303,Medium
Serbia,5.56,2022,33.1,10022.96885,79.25376382,5.35,Q4,2022Q4,7.6975605935314375,Medium
Slovenia,11.11,2022,24.3,28373.83823,104.8884607,4.25,Q4,2022Q4,8.806501281203897,Low
Spain,11.11,2022,33.9,30287.36576,95.57298272,2.94,Q4,2022Q4,6.1056392425263555,Medium
Suriname,21.3,2022,39.2,6084.438767,3.88245766,2.89,Q4,2022Q4,1.2837712062956141,Medium
Sweden,11.11,2022,29.8,55296.93715,25.74872569,2.05,Q4,2022Q4,15.276142013195267,Low
Switzerland,5.56,2022,33.7,93245.79521,222.1505997,4.44,Q4,2022Q4,1.8685012614662175,Medium
Thailand,5.56,2022,34.9,6909.359975,140.4124743,2.34,Q4,2022Q4,1.147272914856221,Medium
Tunisia,31.36,2022,33.7,3678.400234,78.00807158,2.42,Q4,2022Q4,0.28879474730212074,Medium
Ukraine,13.89,2022,25.6,4199.670898,70.84702451,6.26,Q4,2022Q4,4.024481515473571,Low
United Kingdom,5.56,2022,32.4,45935.92765,280.2091514,2.35,Q4,2022Q4,11.485300408608813,Medium
Uruguay,13.89,2022,40.6,20691.9739,19.37443149,2.48,Q4,2022Q4,2.270774862109408,High
Uzbekistan,5.56,2022,31.2,2578.666894,79.2892237,4.86,Q4,2022Q4,0.0,Medium
